rudra.suman@hec.edu,Rudra J21,rudra.suman@hec.edu,,M
olamide.ahmed@hec.edu,Olamide J21,olamide.ahmed@hec.edu,,F
moustafa.al-abiad@hec.edu,Moustafa J21,moustafa.al-abiad@hec.edu,,M
eman.almusharaf@hec.edu,Eman J21,eman.almusharaf@hec.edu,,F
yasmina.atallah@hec.edu,Yasmina J21,yasmina.atallah@hec.edu,,F
benjamin.atnipp@hec.edu,Benjamin J21,benjamin.atnipp@hec.edu,,M
jonathan.attard@hec.edu,Jonathan J21,jonathan.attard@hec.edu,,M
rini.bankhwal@hec.edu,Rini J21,rini.bankhwal@hec.edu,,F
florian.blanchi@hec.edu,Florian J21,florian.blanchi@hec.edu,,M
benjamin.bordes@hec.edu,Benjami J21,benjamin.bordes@hec.edu,,M
wanting.chen@hec.edu,Wanting J21,wanting.chen@hec.edu,,F
jiayan.chen@hec.edu,Jiayan J21,jiayan.chen@hec.edu,,M
nicolas.corredor@hec.edu,Nicolas J21,nicolas.corredor@hec.edu,,M
carlos.da-silva@hec.edu,Carlos J21,carlos.da-silva@hec.edu,,M
vishal.datwani@hec.edu,Vishal J21,vishal.datwani@hec.edu,,M
samuel.deason@hec.edu,Samuel J21,samuel.deason@hec.edu,,M
harold.del-marmol@hec.edu,Harold J21,harold.del-marmol@hec.edu,,M
jose.diaz@hec.edu,Jose J21,jose.diaz@hec.edu,,M
fatima.dilruba@hec.edu,Fatima J21,fatima.dilruba@hec.edu,,F
anna.finizio@hec.edu,Anna J21,anna.finizio@hec.edu,,F
benny.forte@hec.edu,Benny J21,benny.forte@hec.edu,,M
mikhail.gueresh@hec.edu,Mikhail J21,mikhail.gueresh@hec.edu,,M
nadim.hachem@hec.edu,Nadim J21,nadim.hachem@hec.edu,,M
naoki.hirukawa@hec.edu,Naoki J21,naoki.hirukawa@hec.edu,,M
yurie.ishimi@hec.edu,Yurie J21,yurie.ishimi@hec.edu,,F
pradeep.katasani@hec.edu,Pradeep J21,pradeep.katasani@hec.edu,,M
stephanie.kratschmer@hec.edu,Stephanie J21,stephanie.kratschmer@hec.edu,,F
chaitanya.kulkarni@hec.edu,Chaitanya J21,chaitanya.kulkarni@hec.edu,,M
yiran.li@hec.edu,Tingwen J21,yiran.li@hec.edu,,F
tingwen.li@hec.edu,Yiran J21,tingwen.li@hec.edu,,M
etienne.mandeng@hec.edu,Etienne J21,etienne.mandeng@hec.edu,,M
yukari.nagano@hec.edu,Yukari J21,yukari.nagano@hec.edu,,F
thierry.nemkam@hec.edu,Gerard J21,thierry.nemkam@hec.edu,,M
ginika.okafor-obamuroh@hec.edu,Ginika J21,ginika.okafor-obamuroh@hec.edu,,F
folasade.owoeye@hec.edu,Folasade J21,folasade.owoeye@hec.edu,,F
ziwei.peng@hec.edu,Ziwei J21,ziwei.peng@hec.edu,,M
raul.pinto@hec.edu,Raul J21,raul.pinto@hec.edu,,M
armin.rachwalik@hec.edu,Armin J21,armin.rachwalik@hec.edu,,M
michele.raicher@hec.edu,Michele J21,michele.raicher@hec.edu,,F
roshi.raina@hec.edu,Roshi J21,roshi.raina@hec.edu,,F
arthur.ravignon@hec.edu,Arthur J21,arthur.ravignon@hec.edu,,M
matias.rojas@hec.edu,Matias J21,matias.rojas@hec.edu,,M
rodrigo.rubio-vargas@hec.edu,Rodrigo J21,rodrigo.rubio-vargas@hec.edu,,M
payal.saini@hec.edu,Payal J21,payal.saini@hec.edu,,F
rahul.sharma1@hec.edu,Rahul J21,rahul.sharma1@hec.edu,,M
ojaswini.sharma@hec.edu,Ojaswini J21,ojaswini.sharma@hec.edu,,F
tomohiro.shimizu@hec.edu,Tomohiro J21,tomohiro.shimizu@hec.edu,,M
vaibhav.singh@hec.edu,Vaibhav J21,vaibhav.singh@hec.edu,,M
wenqian.sun@hec.edu,Wenqian J21,wenqian.sun@hec.edu,,M
keitaro.tada@hec.edu,Keitaro J21,keitaro.tada@hec.edu,,M
paik-yang.teoh@hec.edu,Paik Yang J21,paik-yang.teoh@hec.edu,,M
yuting.yang@hec.edu,Yuting J21,yuting.yang@hec.edu,,F
lingyuxiu.zhong@hec.edu,Lingyuxiu J21,lingyuxiu.zhong@hec.edu,,F
veronica.zurinaga@hec.edu,Veronica J21,veronica.zurinaga@hec.edu,,F
ala.hiary@hec.edu,Ala J21,ala.hiary@hec.edu,,M
ifelade.ayodele@hec.edu,Ifelade J21,ifelade.ayodele@hec.edu,,M
georges-antonio.azzi@hec.edu,Georges J21,georges-antonio.azzi@hec.edu,,M
axel.berner-eyde@hec.edu,Axel J21,axel.berner-eyde@hec.edu,,M
david.bouhana@hec.edu,David J21,david.bouhana@hec.edu,,M
jose.cadiz@hec.edu,Jose J21,jose.cadiz@hec.edu,,M
felipe.soares@hec.edu,Felipe J21,felipe.soares@hec.edu,,M
irakli.cheishvili@hec.edu,Irakli J21,irakli.cheishvili@hec.edu,,M
ba-khuong.dang@hec.edu,Khuong J21,ba-khuong.dang@hec.edu,,M
arjun.davar@hec.edu,Arjun J21,arjun.davar@hec.edu,,M
edoardo.de-ruvo@hec.edu,Edoardo J21,edoardo.de-ruvo@hec.edu,,M
abdel-aziz.dernaika@hec.edu,Abdel J21,abdel-aziz.dernaika@hec.edu,,M
ishita.dokania@hec.edu,Ishita J21,ishita.dokania@hec.edu,,F
alberto.ebrard@hec.edu,Alberto J21,alberto.ebrard@hec.edu,,M
fan.fei@hec.edu,Fan J21,fan.fei@hec.edu,,F
martin.georgala@hec.edu,Martin J21,martin.georgala@hec.edu,,M
kenta.hayashi@hec.edu,Kenta J21,kenta.hayashi@hec.edu,,M
willie.hernandez@hec.edu,Willie J21,willie.hernandez@hec.edu,,M
xiaohua.jin@hec.edu,Xiaohua J21,xiaohua.jin@hec.edu,,F
dawson.jope@hec.edu,Dawson J21,dawson.jope@hec.edu,,M
dong.ke@hec.edu,Dong J21,dong.ke@hec.edu,,M
hiral.keshwala@hec.edu,Hiral J21,hiral.keshwala@hec.edu,,F
jihyun.kim@hec.edu,Jihyun J21,jihyun.kim@hec.edu,,F
caroline.knudsen@hec.edu,Caroline J21,caroline.knudsen@hec.edu,,F
bernice.lee@hec.edu,Bernice J21,bernice.lee@hec.edu,,F
zhitao.mao@hec.edu,Zhitao J21,zhitao.mao@hec.edu,,M
surbhi.mehta@hec.edu,Surbhi J21,surbhi.mehta@hec.edu,,F
sungjin.moon@hec.edu,Sungjin J21,sungjin.moon@hec.edu,,M
juan.munoz@hec.edu,Juan J21,juan.munoz@hec.edu,,M
can.murtezaoglu@hec.edu,Can J21,can.murtezaoglu@hec.edu,,M
francesco.pecorella@hec.edu,Francesco J21,francesco.pecorella@hec.edu,,M
enrique.pena@hec.edu,Enrique J21,enrique.pena@hec.edu,,M
aldila.pertiwi@hec.edu,Aldila J21,aldila.pertiwi@hec.edu,,F
charles.pierson@hec.edu,Charles J21,charles.pierson@hec.edu,,M
priyanka.priyanka@hec.edu,Priyanka J21,priyanka.priyanka@hec.edu,,F
victor.rios-cabrera@hec.edu,Victor J21,victor.rios-cabrera@hec.edu,,M
shoki.saga@hec.edu,Shoki J21,shoki.saga@hec.edu,,M
alejandro.sanchez-ibarra@hec.edu,Jose J21,alejandro.sanchez-ibarra@hec.edu,,M
claudio.scialanga@hec.edu,Claudio J21,claudio.scialanga@hec.edu,,M
xinchen.shen@hec.edu,Xinchen J21,xinchen.shen@hec.edu,,F
tiziano.silvestrini@hec.edu,Tiziano J21,tiziano.silvestrini@hec.edu,,M
abhishek.sinha@hec.edu,Abhishek J21,abhishek.sinha@hec.edu,,M
awa.sow@hec.edu,Awa J21,awa.sow@hec.edu,,F
nelly.stavro@hec.edu,Nelly J21,nelly.stavro@hec.edu,,F
adam.sullivan@hec.edu,Adam J21,adam.sullivan@hec.edu,,M
eng-soon.teh@hec.edu,Eng Soon J21,eng-soon.teh@hec.edu,,M
yen.tran-ngoc@hec.edu,Yen J21,yen.tran-ngoc@hec.edu,,F
luiz.viotti@hec.edu,Luiz J21,luiz.viotti@hec.edu,,M
joris.wagner@hec.edu,Joris J21,joris.wagner@hec.edu,,M
zhaoyun.wang@hec.edu,Zhaoyun J21,zhaoyun.wang@hec.edu,,F
yudi.wu@hec.edu,Yudi J21,yudi.wu@hec.edu,,F
wei.yan@hec.edu,Wei J21,wei.yan@hec.edu,,F
chang.zhou@hec.edu,CHANG J21,chang.zhou@hec.edu,,F
haotian.zhou@hec.edu,Haotian J21,haotian.zhou@hec.edu,,M
jonathan.alexander@hec.edu,Jonathan J21,jonathan.alexander@hec.edu,,M
mansi.arora@hec.edu,Mansi J21,mansi.arora@hec.edu,,F
akhil.ashok1@hec.edu,Akhil J21,akhil.ashok1@hec.edu,,M
marc.attemene@hec.edu,Marc J21,marc.attemene@hec.edu,,M
taiwo.banasko@hec.edu,Taiwo J21,taiwo.banasko@hec.edu,,M
gautier.bouxin@hec.edu,Gauthier J21,gautier.bouxin@hec.edu,,M
john.cheng@hec.edu,John J21,john.cheng@hec.edu,,M
qi.chi@hec.edu,QI J21,qi.chi@hec.edu,,F
alonso.diez-canseco@hec.edu,Alonso J21,alonso.diez-canseco@hec.edu,,M
ksenia.dikopolskaia@hec.edu,Kseniia J21,ksenia.dikopolskaia@hec.edu,,F
tolulope.disu@hec.edu,Nafisat J21,tolulope.disu@hec.edu,,F
thierry-joel.eloka@hec.edu,Thierry J21,thierry-joel.eloka@hec.edu,,M
ana-cristina.figueroa@hec.edu,Ana J21,ana-cristina.figueroa@hec.edu,,F
jad.gebran@hec.edu,Jad J21,jad.gebran@hec.edu,,M
ayush.goyal@hec.edu,Ayush J21,ayush.goyal@hec.edu,,M
yashaswi.gupta@hec.edu,Yashaswi J21,yashaswi.gupta@hec.edu,,M
swati.hasija@hec.edu,Swati J21,swati.hasija@hec.edu,,F
chourouk.hjaij@hec.edu,Chourouk J21,chourouk.hjaij@hec.edu,,F
heinrich.horstmann@hec.edu,Johann J21,heinrich.horstmann@hec.edu,,M
yudan.huang@hec.edu,YUDAN J21,yudan.huang@hec.edu,,F
manu.jaiswal@hec.edu,Manu J21,manu.jaiswal@hec.edu,,M
arpita.javalagi@hec.edu,Arpita J21,arpita.javalagi@hec.edu,,F
bechara.koyess@hec.edu,Bechara J21,bechara.koyess@hec.edu,,M
theo.laborey@hec.edu,Theo J21,theo.laborey@hec.edu,,M
giorgio.lamanuzzi@hec.edu,Giorgio J21,giorgio.lamanuzzi@hec.edu,,M
darryl.lewis@hec.edu,Darryl J21,darryl.lewis@hec.edu,,M
lingyi.li@hec.edu,Lingyi J21,lingyi.li@hec.edu,,F
francesco.lo-giudice@hec.edu,Francesco J21,francesco.lo-giudice@hec.edu,,M
haiyan.lu@hec.edu,Haiyan J21,haiyan.lu@hec.edu,,F
santosh.mokkapatty@hec.edu,Santosh J21,santosh.mokkapatty@hec.edu,,M
joseph.pategou@hec.edu,Joseph J21,joseph.pategou@hec.edu,,M
karan.puri@hec.edu,Karan J21,karan.puri@hec.edu,,M
arvind.rajan@hec.edu,ARVIND J21,arvind.rajan@hec.edu,,M
parthiv.ravindran@hec.edu,Parthiv J21,parthiv.ravindran@hec.edu,,M
lauren.reilly@hec.edu,Lauren J21,lauren.reilly@hec.edu,,F
michele.renaux-tomaselli@hec.edu,Michele J21,michele.renaux-tomaselli@hec.edu,,F
jaime.rojas@hec.edu,Jaime J21,jaime.rojas@hec.edu,,M
rajarshi.saha@hec.edu,Rajarshi J21,rajarshi.saha@hec.edu,,M
yuji.sakaguchi@hec.edu,YUJI J21,yuji.sakaguchi@hec.edu,,M
tanvi.seth@hec.edu,Tanvi J21,tanvi.seth@hec.edu,,F
ekansh.sharma@hec.edu,Ekansh J21,ekansh.sharma@hec.edu,,M
hiroki.shioda@hec.edu,Hiroki J21,hiroki.shioda@hec.edu,,M
alessandro.solaro-del-borgo@hec.edu,Alessandro J21,alessandro.solaro-del-borgo@hec.edu,,M
zachary.straus@hec.edu,Zachary J21,zachary.straus@hec.edu,,M
mayank.thepadia@hec.edu,Mayank J21,mayank.thepadia@hec.edu,,M
mariana.arnaut@hec.edu,Mariana J21,mariana.arnaut@hec.edu,,F
michael.tuebner@hec.edu,Michael J21,michael.tuebner@hec.edu,,M
felipe.urquiza@hec.edu,Felipe J21,felipe.urquiza@hec.edu,,M
maria.villavicencio@hec.edu,Maria J21,maria.villavicencio@hec.edu,,F
piers.ward@hec.edu,Piers J21,piers.ward@hec.edu,,M
shang.zhu@hec.edu,Shang J21,shang.zhu@hec.edu,,F